ares-expand-name-for-response,1
bke-lattice-index-flip,1
bli-str-r-strip,1
delete-input,1
dialog-info-update,1
dump-cemd-cmd,1
dump-frame-buffer-formats,1
get-dmf-header,1
get-meta-index,1
get-plane-point,1
gimp-canvas-rectangle-set-property,1
gimp-devices-check-change,1
gimp-eraser-default,1
gimp-filter-tool-set-gyroscope,1
gimp-image-file-get-thumbnail,1
gimp-param-drawable-id-init,1
gimp-selection-tool-class-init,1
gimp-status-bar-progress-canceled,1
gimp-value-set-int32-array,1
gimp-wire-compare,1
gpencil-primitive-modal,1
ico-load-layer,1
imb-stereo3d-read-interlace,1
is-canon,1
layer-get-composite-mode-invoker,1
nla-invert-combine-value,1
palette-poll,1
path-with-native-separators,1
png-do-strip-channel,1
png-get-row-bytes,1
png-get-rows,1
png-get-unknown-chunks,1
png-init-palette-transformations,1
png-read-idat-data,1
pnm-load-raw-pfm,1
pybullet-compute-view-matrix,1
read-subframe,1
render-result-exr-file-end,1
reset-token-stats,1
saturated-cast,1
set-add-faces-points,1
silk-bw-expander-32,1
sqlite3-session-config,1
sqlite3-walk-expr-list,1
stmt-close,1
tiff-current-tile,1
tiff-get-size-proc,1
unpack-texture-blend-func,1
write-tcp-data,1
always-preview,1
animation-box,1
avg-1,1
best-b,1
byte-count,1
compiling-contexts,1
corr-qc,1
default-look,1
dst-saturation,1
element-spec,1
face-index,1
forked-iter,1
identifier-quark,1
idx-u,1
inv-unit-scale,1
is-a-empty,1
label-casefold,1
line-1-grad,1
melanin-ofs,1
nbr-gaps,1
nearest-point,1
need-fallback,1
neighbor-pos,1
new-image-height,1
new-order,1
num-primes,1
num-vec-per-segment,1
num-verts-in-a,1
out-d-g,1
paint-radio,1
param-def,1
progress-out,1
r-hdr,1
raw-nor,1
rcp-len-2,1
rem-f,1
rgb-real,1
root-ptr,1
selection-bounds,1
source-index,1
sz-joint-ranges,1
target-chars,1
text-chopped-2,1
tmp-vec,1
to-xyz,1
txt-alias,1
update-area,1
v-proj-axis,1
wat-id,1
within-vertically,1
worst-score,1
accelerometer-data,1
addr,1
build-time-minor,1
convex-shapes,1
current-median,1
curvatures-height,1
default,1
default-open,1
dest-points,1
destroy-with-parent,1
dispose,1
down-sample,1
echo-path-change,1
esa,1
fine-priority,1
first-type-label,1
frame,1
full-path,1
in-buffer,1
l-b-layer,1
line-index-mask-len,1
mapped-color,1
n-layers,1
n-vector,1
next-func,1
on-connect,1
out-buf,1
out-table,1
overlap,1
own-flags,1
p-global-info-32,1
pass-machine-instructions,1
pi-hash,1
point-index,1
print-t,1
radius,1
rets,1
save-dual-cells,1
secondary-range,1
size-on-first-use,1
speech-in,1
strength,1
table-2-id,1
time-range,1
want-x,1
z-p-i,1
zoom-x-y,1
ambient,1
average-in-bucket-used-slot-count,1
bitmap-data-size,1
bm-log,1
bounding-radius,1
canvas-item,1
char-strings,1
colored-count,1
component-type,1
creds,1
crop-node,1
debug-policy,1
default-instance-void,1
delay-agnostic-enabled,1
depth-cb,1
depth-stencil-as-texture,1
detect-leaks,1
edit-count,1
eglew-android-frame-buffer-target,1
eglew-create-platform-window-surface,1
eglew-khr-stream-fifo,1
enabled-subdevices,1
flag,1
free-cell,1
glew-index-mask,1
glew-render-mode,1
glew-validate-program-pipeline,1
h-wnd,1
height-int,1
img-buffer-original,1
index-data,1
index-to-loc-format,1
is-indirect-result,1
is-partial,1
key-sym,1
layer-mask-source-node,1
link-name,1
m-num-visual-shapes-copied,1
m-post-fix,1
m-remove-user-data-response-args,1
m-shadow-receiver-pass,1
m-sky-box-orientation,1
m-sky-plane-render-queue,1
m-transform-change-args,1
m-vs-out-light-position,1
nav-visible,1
num-axis-events,1
num-body-parts,1
num-cols,1
num-groups,1
num-light,1
num-tess-face-data,1
number-start,1
other-side-x,1
packet-sent,1
pickup,1
pixel-width,1
proof-profile,1
q-tail,1
rc-identity,1
replacement-length,1
rotate-desc,1
samplers,1
selection-width-label,1
session-ticket-key,1
spline-max-len,1
step-no,1
tot-channel,1
tot-elem,1
user-hook-3,1
video-chunk-cb,1
x-dnd-type-list,1
x-origin,1
x-scale,1
ya-bottom,1
zero-plane-res,1
area-info-dialog-t,1
child-location,1
command-t,1
d-obj-points,1
dialog-elements,1
check-writeable,1
get-longitude,1
atn-state,1
generate-rule-bypass-transitions,1
inertial-frame,1
trim-parse-trees,1
bound-port,1
comparison-value,1
added-unicode-smp,1
completion-handler-i-unary-response-client-callback,1
file-descriptor-proto,1
time-spec,1
uuid,1
call-error-extensions,1
cpp-generator-services,1
default-ssl-roots-override,1
deserialization-context,1
main-class,1
mono-p-invoke-callback-attribute,1
num,1
rule-version-attribute,1
server-safe-handle,1
add-bezier-curve,1
add-log-to-stream,1
add-object-index,1
adjusted-gradient,1
all-open-files-string,1
append-sequence,1
argb-subtract-row-c,1
aud-sound-envelope,1
b3-push-profile-timing,1
calc-lut,1
check-gl-support,1
check-sign,1
check-t,1
choose-document,1
clear-active-id,1
compare-inverse-and-forward-dynamics,1
context-url-list,1
convert-to-php-namespace,1
create-duplicate-change-id,1
create-in-indices,1
create-metadata-array,1
create-sub-buffer,1
current-slide,1
curves,1
declare-component,1
dividend-discount-mother,1
do-print-after,1
effective-style,1
emit-address,1
enable-background-opacity,1
enable-materials,1
extract-component,1
fence,1
find-hashable-base-type,1
float,1
follow-component,1
generate-service-descriptor-property,1
get-constant-reference-for-protocol-descriptor,1
get-controller-transform,1
get-default-atlasing-attributes,1
get-diffuse-colour,1
get-jf,1
get-msg-send-super-ty,1
get-red-adjust-2,1
get-related-view-data-row-double,1
get-top-border-size,1
get-working-directory,1
get-xcr-0,1
global-scope,1
grpc-chttp2-mark-stream-writable,1
grpc-json-writer-value-string,1
grpc-sock-addr-make-wildcards,1
handle-if,1
has-composite-op,1
has-view-relative-texture-coordinate-generation,1
in-scc,1
inflation-leg-npv,1
initialize-dual-graph,1
is-generic-type-disambiguating-token,1
is-stdlib-module,1
is-sum-supported,1
is-valid-trailing-closure,1
last-gradient,1
lower-boundary-factor,1
max-draw-buffers,1
maximize-all,1
node-find-output-by-name,1
notify-touch-down,1
of-to-binary,1
optimize-identity-cast-composition,1
presentation-start-from-first,1
process-helper,1
read-element-text-span,1
read-pass,1
read-text-file,1
reapply-filter,1
register-with-volatility-spread,1
remap-nearest-neighbor,1
remove-imported-parent-contexts,1
render-text,1
repress-ref-at-loc,1
resize-linear-open-cv,1
resize-nearest-neighbor,1
rgb-2-rgb565,1
rgbx-2-bgrx,1
sanitize-path,1
save-as-quadratic-png,1
send-serial-config,1
session-config,1
set-custom-uniform-1-f,1
set-destructor-callback,1
set-display-index,1
set-frame-pen,1
set-invert,1
set-layer-texture-name,1
set-tiling,1
setup-bounding-box-vertices,1
sha256-hash,1
shader-data-to-shader-globals,1
status-icon,1
str-array-len,1
stroke-attribute-alpha-get,1
tegra-morph-init,1
tessellate-to-mesh,1
tool-view-position,1
transform-path,1
two-factor-response,1
unload-textures,1
update-mouse-pos,1
v-url-encode,1
verifier-get-mapping,1
visit-sil-argument,1
widget-destroyed,1
with-cms-leg-rule,1
with-market-rate-accuracy,1
with-rate-bound,1
worker-thread-wait,1
world-to-screen,1
write-node-materials,1
x-tilt,1
active-tool-id,1
aead-crypter-seal,1
anchor-name,1
angle-in-radian,1
attrs,1
base-transform,1
best-style,1
bind-matrix,1
binormal-type,1
byte-src,1
cam-rot-z,1
cap-times,1
cb-result,1
cell-cursor,1
ch,1
check-next,1
clang-can-ty,1
clip-dist-bug,1
cms-pricer,1
col-length-left,1
cone-translation,1
control-points,1
coterminal-model,1
cp-1254,1
current-charuco-corners,1
current-sequence,1
depot-message-start,1
drift-term,1
dst-type-1,1
error-mark-type,1
event-0,1
expect-rows,1
extra-inhabitants-mask,1
f-cos,1
f-curve-found,1
f-m-m,1
f-ptr-out,1
fast-load-success,1
feature-iterator,1
field-offset-vector,1
fixed-cam,1
fixed-leg-frequency,1
from-local-aabb-min,1
future-active-doc,1
have-mask,1
img-stub,1
img-type,1
inst-results,1
inv-flight-k-2,1
inverted-direction,1
is-node-a-left-child-leaf,1
is-trained,1
items-per-second,1
joint-start,1
key-events-copy,1
kinects-copy,1
last-token-was-delete-or-default,1
layer-sizes,1
lhs-component,1
line-y,1
link-url,1
lower-tail,1
mapped-labels,1
max-basket,1
max-input-size,1
method-index,1
mod-iface,1
movie-media-handler,1
n-repeats,1
nd-formula,1
new-sil-type,1
next-fragment-expression,1
noise-1,1
num-metadata,1
number-of-joysticks,1
numbering-path,1
obj-proj,1
ori-w,1
overriden-function-it,1
pai-arg,1
passphrase,1
pd-sum,1
platform-string,1
present-scaling,1
prev-num-hooks,1
prev-signal-bar-count,1
prim-type,1
processing-level,1
rectangle-index,1
repl-module,1
request-bytes,1
rt-stream-ptr,1
running-log-average,1
s-tracking-system-name,1
simple-fn-ty,1
sin-rot-w,1
source-ty,1
src-file-info,1
src-start-idx,1
ssl-creds,1
static-rect,1
step-size,1
step-x,1
str-args,1
sub-start,1
supported-style,1
tab-overlap,1
tagged-resources,1