to.xyz,34
edit.length,8
output.delegate.private,34
write.tcp.data,28
hdr.listener,7
n.d,20
float.day.counter,11
index.tensor,19
multiple.occurences,4
value,18
b.d.c,56
cpp.generator.services,10
silk.bw.expander.32,15
deep.stub,4
gimp.wire.compare,20
risky.annuity,4
have.mask,17
gimp.value.set.int32.array,55
ssl.creds,6
generic.emissive.closure,11
prim.type,27
w.width,13
progress.out,11
refutable.pattern.initialization,9
start.slot,18
m.sbuf,38
rotate.desc,4
predicate.wrapper,4
max.basket,11
built.url,9
quote,1
add.log.to.stream,64
eglew.create.platform.window.surface,18
read.element.text.span,27
replacement.length,8
cmd.output.operation.type,43
random.walk,7
i.read.file,38
tmp.vec,5
light.dim,6
dialog.elements,6
separator.color,10
extract.raw.type.of,45
from.local.aabb.min,25
address.lowering,5
src.gradient,7
enable.background.opacity,7
handle.pos,12
z.weight,7
apply.margin.insets,11
min.error,12
fd.black.scholes.vanilla.engine,23
is.generic.type.disambiguating.token,66
docking.area,6
sprites,1
print.label.flag,15
rest.client,10
grouping,1
y.in,14
lvl.currency,4
num.tess.face.data,50
template.preview.icon.data,37
status.icon,12
gl.config.attribs,17
n.shininess,9
curvatures.height,6
eglew.android.frame.buffer.target,33
new.order,8
get.top.border.size,61
brush.hatch,4
problem.reporter.factory,11
cone.translation,4
get.working.directory,47
check.gl.support,18
create.duplicate.change.id,25
check.not.local,21
do.login.entry,16
value.hash,22
bridged.value.fun.arg,28
buf.num,33
compiler.item,5
setup.bounding.box.vertices,20
bm.log,10
sibling.info,12
default.look,24
err.ret,4
rgb.2.rgb565,29
corr.qc,4
kinects.copy,5
num.metadata,27
gimp.param.drawable.id.init,32
projects.dir,4
cap.times,4
rate.pointer,9
rot.axis,11
core,7
session.config,14
set.invert,23
d3d11.unsupported.gpu.program,18
pass.machine.instructions,11
keep.aspect,4
variables,1
labels,2
resamplers,1
curves,1
sorted.indices.buf,17
b3.push.profile.timing,18
settings,1
rt.stream.ptr,21
gimp.eraser.default,37
on.connect,7
utf8.size,15
locking,1
m.is.indx.present,69
send.serial.config,16
verifier.get.mapping,47
set.add.faces.points,30
ares.dns.resolver,10
temp.comp.mask,23
less.dummy.gui.helper,17
check.sign,12
argb.subtract.row.c,44
has.composite.op,16
rgb.real,9
out.d.g,21
unregistered.request.matcher,12
image.manager,8
odf.symbol.type,30
container.tab.bar,16
get.binary.side,55
trim.parse.trees,8
png.init.palette.transformations,19
widget.destroyed,5
coterminal.model,4
frame.2,27
m.post.fix,45
simple.pressure,5
repress.ref.at.loc,26
m.line.dash.offset,54
fixed.object,9
is.valid.trailing.closure,32
declare.component,6
forked.iter,4
txt.alias,4
fence,1
gimp.canvas.rectangle.set.property,39
bounding.radius,6
sub.start,20
session.ticket.key,12
maximize.all,4
node.shape,20
size.on.first.use,30
transform.path,20
img.buffer.original,16
colored.count,10
rectangle.index,19
str.array.len,19
res.width,12
str.args,8
start.dirs,14
palette.poll,6
binary.search.bytes,11
path.with.native.separators,28
globals.as.members.table.reader.info,50
tranched.loss.after,9
tbl.index,18
num.files,27
pai.arg,4
desktop.size,15
add.object.index,32
tab.overlap,5
c.problem,38
error.mark.type,39
set.destructor.callback,26
gimp.devices.check.change,32
bound.port,6
shift.values,4
progressive,1
eglew.khr.stream.fifo,22
frame.pixel.coords,11
clip.dist.bug,9
video.chunk.cb,11
component.type,31
add.unicode.script.codes.to.names,69
c.skinned.mesh,44
col.length.left,17
uuid,1
inv.unit.scale,9
layer.sizes,10
max.file.open,28
glew.validate.program.pipeline,18
log.mixed.linear.cubic.interpolation,30
im.out.shape,15
inflation.leg.npv,8
rgbx.2.bgrx,23
num.groups,26
temp.attrs,5
institution,1
height.int,8
append.python.style.escaped.code.point,50
val.32,9
delete,7
c.at.grayscale,44
all.open.files.string,23
proof.profile,8
nbr.gaps,4
grpc.json.writer.value.string,49
bind.matrix,6
alternative.cache.name,22
best.style,13
png.get.unknown.chunks,56
color.conversion.system,19
current.charuco.corners,11
m.zoom.controller,45
bt.collision.shape,12
global.scope,5
c.http2.connector,37
context.url.list,25
default.instance.void,27
s.tracking.system.name,32
dump.core.map.to.string.builder,83
default.open,27
strength,1
operator.method.decls,9
inv.flight.k.2,29
gimp.status.bar.progress.canceled,33
physics.client.example,16
b.flip.horizontally,17
num.primes,26
number.of.joysticks,15
extra.inhabitants.mask,20
identifier.quark,4
abs.deadline.n.sec.value,35
mod.iface,4
cache.file,17
dst.map.2,32
m.weaver,38
change.scroll,9
reference.range,12
numbering.path,15
mono.p.invoke.callback.attribute,33
return.path,18
with.rate.bound,20
num.cols,26
reserve.fn,5
label.casefold,11
tick.freq,4
file.system.archive,30
key.events.copy,12
ico.load.layer,15
detect.leaks,6
mkt.factors,4
do.forward,16
undiscounted.amount,4
enabled.subdevices,7
x.tilt,13
esa,1
patch.coord.buffer,19
angle.in.radian,17
weights.multipliers,4
update.mouse.pos,13
compare.inverse.and.forward.dynamics,25
x.origin,12
find.source.subdir,12
optimize.identity.cast.composition,20
new.y,10
debug.policy,4
num.body.parts,29
do.print.after,17
generate.rule.bypass.transitions,23
get.related.view.data.row.double,89
feature.iterator,4
get.jf,44
create.in.indices,23
prev.signal.bar.count,27
echo.path.change,23
tessellate.to.mesh,42
is.a.empty,33
packet.sent,4
attribute,8
struct.ty,10
idx.u,5
png.read.idat.data,46
quad,1
step.x,15
tiff.current.tile,15
controller.value,24
yield.mvs,4
paint.radio,12
usage,1
footnotes.position,6
m.shadow.receiver.pass,46
get.default.atlasing.attributes,70
of.to.binary,48
sk.editor.consumer,9
c.at.background.color,55
repl.module,10
active.tool.id,23
processing.level,4
ori.w,6
d.mat,15
samplers,1
previous.initial.value,24
net.state.rule.default.type.internal,80
create.sub.buffer,26
ya.bottom,4
passphrase,1
m.num.visual.shapes.copied,73
f.tolerance,16
action.view.show.master.pages,30
bli.str.r.strip,20
process.helper,8
c.image,38
raw.nor,8
x.dnd.type.list,49
comparison.value,19
use.shadows.1,18
op.pool,8
expect.rows,4
vertex.position,7
src.start.idx,20
l.b.layer,22
img.type,28
get.diffuse.colour,47
sub.module.name.visibility.pairs,44
lower.boundary.factor,10
new.aggregate.builder.map,30
simple.fn.ty,14
m.sky.box.orientation,47
check.next,16
delay.agnostic.enabled,11
nonce.length,9
tile.parameter.default.type.internal,73
within.vertically,4
area.info.dialog.t,23
get.dmf.header,47
always.preview,8
full.path,15
binormal.type,27
dual.con.input.reader,25
png.do.strip.channel,25
pnm.load.raw.pfm,16
handled.boxes,4
gpencil.primitive.modal,9
current.slide,8
n.layers,9
write.node.materials,23
items.per.second,10
rc.identity,8
max.scale.f,27
convert.to.php.namespace,42
dump.cemd.cmd,15
video.capture.dshow,11
write.context,13
suppress.file,16
gauss.lobatto.eps,9
format.display.name,27
setting.manager,5
is.bridged.argument,31
expression.finder,6
choose.document,4
stochastic.process,5
num.axis.events,33
pointer.map,14
trade.price,4
bt.deformable.contact.constraint,16
gimp.filter.tool.set.gyroscope,40
free.cell,6
m.window.width,49
accessor.conformance.info,15
current.sequence,8
command.t,9
node.find.output.by.name,49
from.byte.buffers,19
fast.load.success,11
param.def,5
vanilla.forward.payoff,18
validate.on,10
last.saved.step,16
part.document.private,29
multicubic.spline,5
data.access.repository.private,51
with.market.rate.accuracy,20
check.not.interface,17
discount.factor,10
key.sym,7
speech.in,12
func,3
array.count.propagation,20
current.scene.node,27
declaration.item,6
build.group.query,15
step.no,5
get.msg.send.super.ty,62
inverse.dynamics.example,15
down.sample,7
is.vaild,25
unpack.texture.blend.func,16
breakpoint,1
cq.event.queue,15
i.var.initializer,13
inertial.frame,9
literal.bucket,6
user.2.internal.index,52
inner.angle,6
noise.1,12
m.sky.plane.render.queue,57
get.longitude,44
get.artificial.op.prec.rule,71
animation.box,9
m.first.render.queue,55
cell.cursor,6
bke.lattice.index.flip,25
cam.rot.z,14
chosen.overrides,4
ko.path.point.remove.command.private,78
set.tiling,16
deserialization.context,8
caplet.variance.curve,15
rule.version.attribute,22
jnt.array.acc,15
start.up.fix.cost,27
number.elementary.vegas,11
unload.textures,4
d.bus.proxy,16
win.error,8
camera.data,22
ch,1
stack,1
size.contents,16
render.result.exr.file.end,37
palette.size,18
accelerometer.data,22
dst.saturation,3
biggest.constructor,4
sqlite3.session.config,19
after.channel,8
reconstruct.update.callback,19
len.r,11
relative.contrast,7
background.parser.private,29
ko.shadow.style.private,53
set.frame.pen,25
determine.strictness,4
static.rect,4
add.ordered.list,24
own.flags,4
f.ptr.out,29
sz.joint.ranges,7
z.p.i,20
int.hex.string,20
depth.stencil.as.texture,29
average.in.bucket.used.slot.count,35
m.annotation,38
rcp.len.2,24
pixel.width,10
class.annotations,5
num.active.contexts,37
field.offset.vector,14
avg.1,12
set.custom.uniform.1.f,43
f.m.m,88
lsm.basis.system,15
list.level,14
stroke.attribute.alpha.get,59
default.auto.entry,28
base.transform,9
tagged.resources,4
bt.material,8
script.event.action.factories,23
max.work.group.size,31
history.action,8
calc.lut,4
output.array,16
row.limit,9
m.paste.mode,43
get.meta.index,61
controlled.object,5
project.controller.private,33
file.descriptor.proto,24
underlying.fx.correlation,9
folder.names,7
mapped.labels,3
drift.term,4
visit.sil.argument,5
b.loop,13
byte.src,8
ares.expand.name.for.response,38
dispose,1
reapply.filter,7
delete.input,12
r.hdr,10
tot.elem,4
m.contact.motion.1,53
num.active.tris,36
is.stdlib.module,33
default.mat.x,37
existing.symlink,4
find.hashable.base.type,36
all.factors,6
c.d3d9.render.target,51
pem.key,8
code.generator.private,35
explicit.euler.scheme,9
save.dual.cells,12
crop.node,16
prev.num.hooks,31
force.direct,4
follow.component,6
ko.main.window.private,46
aead.crypter.seal,9
parsing,1
platform.string,16
obj.proj,5
top.dir,6
best.b,13
completion.handler.i.unary.response.client.callback,48
tegra.morph.init,11
connection.state,7
overriden.function.it,9
is.return.bridged,33
running.log.average,15
do.caps,10
other.side.x,18
text.chopped.2,27
generate.service.descriptor.property,23
driver.type.name,46
animations.data,22
world.to.screen,37
future.active.doc,12
label.drawing.widget,17
glx.configurator,4
x.scale,15
get.constant.reference.for.protocol.descriptor,74
mask.components,18
dump.frame.buffer.formats,31
new.strokes,8
parent.field,10
is.canon,25
end.snapshot,8
v.proj.axis,12
key.frame.2,33
assign.lexer.token.types,24
root.ptr,10
stmt.close,4
r,7
apply.rewriter,7
rem.f,15
read.bitstream,16
c.archive.loader.tar,45
sanitize.path,15
block.nr,4
is.sum.supported,29
is.v,28
atn.state,6
c.image.writer.jpg,44
layer.get.composite.mode.invoker,62
is.node.a.left.child.leaf,62
notify.touch.down,11
mtx,1
present.scaling,7
piecewise.constant.abcd.variance,22
num.factors,28
layout.data,23
voronoi.fracture.demo,13
invert.success,13
ko.section.end.private,47
tuple.lvalue.emitter,9
cms.pricer,4
inverted.direction,4
table.2.id,38
tree.element,6
val.size,17
gimp.image.file.get.thumbnail,77
remove.imported.parent.contexts,18
control.points,6
use.tabs,7
create.metadata.array,17
show.tags,7
m.execute.on.host,49
bitmap.data.size,36
melanin.ofs,4
is.trained,25
sin.rot.w,13
server.list,14
spline.max.len,16
grpc.sock.addr.make.wildcards,31
added.unicode.smp,11
cb.result,9
presentation.start.from.first,30
bone.positions,4
depot.message.start,17
pybullet.compute.view.matrix,22
wat.id,11
do.install.status,17
write.root,9
wsdls.solver,4
num.vec.per.segment,34
combine.paint.mask.to.canvas.buffer.to.paint.buf.alpha,141
resize.linear.open.cv,15
aud.sound.envelope,9
ambient.coefficient,5
new.sil.type,35
clause.matrix,7
inst.results,4
replace.text.context,16
register.with.volatility.spread,21
m.gpu.rays,42
lhs.component,7
rets,1
geometry.interface,3
contextualize.closures,4
ref.point.offset.percent,32
dispatch.paint.mask,31
tlv.symbols,4
movie.media.handler,11
cat.risk,4
need.fallback,4
time.spec,6
check.writeable,12
const.parameter.float,15
neighbor.pos,11
remap.nearest.neighbor,10
pd.sum,5
calibration.phase,4
ko.rgb.u8.invert.color.transformation,51
device.handler,9
effective.style,12
pen.loaded,5
selection.bounds,5
fine.priority,4
enable.materials,4
tool.view.position,22
server.safe.handle,11
use.atm.spread,14
whole.regexp,4
default.ssl.roots.override,31
next.fragment.expression,11
m.vs.out.light.position,56
bibliography.type,27
rolling.friction.demo,11
q.tail,4
num.verts.in.a,46
event.0,10
two.factor.response,16
ui.index,18
main.class,6
parse.job.private,30
read.pass,19
clock,1
point.3,17
grpc.chttp2.mark.stream.writable,36
basket.payoff,6
to.string.walker,49
reset.token.stats,15
temperature.cauchy.1.d,31
get.red.adjust.2,66
worker.thread.wait,10
rs.stencil.operation,16
anchor.name,20
add.bezier.curve,17
dynamic.textured.cube.demo,16
sqlite3.walk.expr.list,24
v.url.encode,13
adjusted.gradient,4
current.median,8
pickup,1
saturated.cast,8
qr.detect,6
rs.compute.operation,13
subroutine.slot.name,26
record.header,5
nd.formula,4
expand.headers.from.request,24
read.subframe,15
dispatch.mask.buffer.iterator,36
lower.tail,6
is.friend,25
target.chars,8
secondary.range,4
rotation.per.second,12
dividend.discount.mother,8
clear.active.id,19
risky.bond,5
save.as.quadratic.png,27
then,1
has.view.relative.texture.coordinate.generation,37
check.t,15
c.animated.mesh.scene.node,65
previous.is.valid,31
cp.1254,4
html.file,16
abc.opt,4
define,1
render.text,16
b.multi.fullscreen,15
heat.vision.listener,10
is.indirect.result,30
call.error.extensions,11
locations,1
transform.unique.id,19
handle.if,8
h.wnd,4
warning.failure.exception,9
emit.address,4
ambient,3
layer.parameter,17
timelapser,1
initialize.dual.graph,11
dest.points,5
resize.nearest.neighbor,13
get.xcr.0,47
zero.plane.res,11
c.at.font,43
n.repeats,9
a.pos,14
reduction.indices,8
link.url,8
destroy.with.parent,18
worst.score,4
label.action,17
want.x,12
last.token.was.delete.or.default,61
c.burning.shader.raster.reference,54
fixed.cam,8
convex.shapes,7
build.lexer.rule.actions,32
index.to.loc.format,61
p.global.info.32,26
null.program,10
get.actual.values,48
f.curve.found,20
m.worker,41
imb.stereo3d.read.interlace,23
num.light,30
is.partial,25
nav.visible,4
internal.ffmpeg.register,17
dynamic.table.index,31
compiling.contexts,5
pi.hash,5
f.cos,15
tiff.get.size.proc,62
user.hook.3,10
light.attenuation.value,25
joint.start,16
char.strings,4
nla.invert.combine.value,33
next.line,11
fixed.leg.frequency,11
build.time.minor,14
supported.style,13
file.item.delegate,22
clang.can.ty,12
line.1.grad,18
sha256.hash,5
in.scc,12
m.last.changed.location,53
set.layer.texture.name,51
selection.width.label,22
max.draw.buffers,14
